2017-09-28,13:39:52,168, 1130 ,https://stackoverflow.com/questions/218384/what-is-a-nullpointerexception-and-how-do-i-fix-it
2017-09-28,13:39:52,164, 1130 ,https://stackoverflow.com/questions/218384/what-is-a-nullpointerexception-and-how-do-i-fix-it
2017-09-28,13:39:52,164, 1130 ,https://stackoverflow.com/questions/218384/what-is-a-nullpointerexception-and-how-do-i-fix-it
2017-09-28,13:39:52,164, 1130 ,https://stackoverflow.com/questions/218384/what-is-a-nullpointerexception-and-how-do-i-fix-it
2017-09-28,13:39:52,164, 1130 ,https://stackoverflow.com/questions/218384/what-is-a-nullpointerexception-and-how-do-i-fix-it
2017-09-28,13:39:52,164, 1130 ,https://stackoverflow.com/questions/218384/what-is-a-nullpointerexception-and-how-do-i-fix-it
2017-09-28,13:39:52,164, 1130 ,https://stackoverflow.com/questions/218384/what-is-a-nullpointerexception-and-how-do-i-fix-it
2017-09-28,13:39:52,164, 1130 ,https://stackoverflow.com/questions/218384/what-is-a-nullpointerexception-and-how-do-i-fix-it
2017-09-28,13:39:52,160, 1128 ,https://stackoverflow.com/questions/218384/what-is-a-nullpointerexception-and-how-do-i-fix-it
2017-09-28,13:39:52,160, 1128 ,https://stackoverflow.com/questions/218384/what-is-a-nullpointerexception-and-how-do-i-fix-it
2017-09-28,13:39:52,160, 1128 ,https://stackoverflow.com/questions/218384/what-is-a-nullpointerexception-and-how-do-i-fix-it
2017-09-28,13:39:52,160, 1128 ,https://stackoverflow.com/questions/218384/what-is-a-nullpointerexception-and-how-do-i-fix-it
2017-09-28,13:39:52,160, 1128 ,https://stackoverflow.com/questions/218384/what-is-a-nullpointerexception-and-how-do-i-fix-it
2017-09-28,13:39:52,160, 1128 ,https://stackoverflow.com/questions/218384/what-is-a-nullpointerexception-and-how-do-i-fix-it
2017-09-28,13:39:52,156, 1128 ,https://stackoverflow.com/questions/218384/what-is-a-nullpointerexception-and-how-do-i-fix-it
2017-09-28,13:39:52,156, 1128 ,https://stackoverflow.com/questions/218384/what-is-a-nullpointerexception-and-how-do-i-fix-it
2017-09-28,13:39:52,156, 1128 ,https://stackoverflow.com/questions/218384/what-is-a-nullpointerexception-and-how-do-i-fix-it
2017-09-28,13:39:52,156, 1128 ,https://stackoverflow.com/questions/218384/what-is-a-nullpointerexception-and-how-do-i-fix-it
2017-09-28,13:39:53,156, 1128 ,https://stackoverflow.com/questions/218384/what-is-a-nullpointerexception-and-how-do-i-fix-it
2017-09-28,13:39:53,156, 1128 ,https://stackoverflow.com/questions/218384/what-is-a-nullpointerexception-and-how-do-i-fix-it
2017-09-28,13:39:53,152, 1128 ,https://stackoverflow.com/questions/218384/what-is-a-nullpointerexception-and-how-do-i-fix-it
2017-09-28,13:39:53,152, 1128 ,https://stackoverflow.com/questions/218384/what-is-a-nullpointerexception-and-how-do-i-fix-it
2017-09-28,13:39:53,152, 1128 ,https://stackoverflow.com/questions/218384/what-is-a-nullpointerexception-and-how-do-i-fix-it
2017-09-28,13:39:53,152, 1128 ,https://stackoverflow.com/questions/218384/what-is-a-nullpointerexception-and-how-do-i-fix-it
2017-09-28,13:39:54,152, 1128 ,https://stackoverflow.com/questions/218384/what-is-a-nullpointerexception-and-how-do-i-fix-it
2017-09-28,13:39:54,152, 1128 ,https://stackoverflow.com/questions/218384/what-is-a-nullpointerexception-and-how-do-i-fix-it
2017-09-28,13:39:54,150, 1128 ,https://stackoverflow.com/questions/218384/what-is-a-nullpointerexception-and-how-do-i-fix-it
2017-09-28,13:39:54,150, 1128 ,https://stackoverflow.com/questions/218384/what-is-a-nullpointerexception-and-how-do-i-fix-it
2017-09-28,13:39:54,150, 1128 ,https://stackoverflow.com/questions/218384/what-is-a-nullpointerexception-and-how-do-i-fix-it
2017-09-28,13:39:54,150, 1128 ,https://stackoverflow.com/questions/218384/what-is-a-nullpointerexception-and-how-do-i-fix-it
2017-09-28,13:39:54,150, 1128 ,https://stackoverflow.com/questions/218384/what-is-a-nullpointerexception-and-how-do-i-fix-it
2017-09-28,13:39:54,150, 1128 ,https://stackoverflow.com/questions/218384/what-is-a-nullpointerexception-and-how-do-i-fix-it
2017-09-28,13:39:54,150, 1128 ,https://stackoverflow.com/questions/218384/what-is-a-nullpointerexception-and-how-do-i-fix-it
2017-09-28,13:39:54,150, 1128 ,https://stackoverflow.com/questions/218384/what-is-a-nullpointerexception-and-how-do-i-fix-it
2017-09-28,13:39:54,150, 1128 ,https://stackoverflow.com/questions/218384/what-is-a-nullpointerexception-and-how-do-i-fix-it
2017-09-28,13:39:54,150, 1128 ,https://stackoverflow.com/questions/218384/what-is-a-nullpointerexception-and-how-do-i-fix-it
2017-09-28,13:39:55,150, 1128 ,https://stackoverflow.com/questions/218384/what-is-a-nullpointerexception-and-how-do-i-fix-it
2017-09-28,13:39:55,150, 1128 ,https://stackoverflow.com/questions/218384/what-is-a-nullpointerexception-and-how-do-i-fix-it
2017-09-28,13:39:55,150, 1128 ,https://stackoverflow.com/questions/218384/what-is-a-nullpointerexception-and-how-do-i-fix-it
2017-09-28,13:39:55,148, 1130 ,https://stackoverflow.com/questions/218384/what-is-a-nullpointerexception-and-how-do-i-fix-it
2017-09-28,13:39:55,148, 1130 ,https://stackoverflow.com/questions/218384/what-is-a-nullpointerexception-and-how-do-i-fix-it
2017-09-28,13:39:55,148, 1130 ,https://stackoverflow.com/questions/218384/what-is-a-nullpointerexception-and-how-do-i-fix-it
2017-09-28,13:39:55,148, 1130 ,https://stackoverflow.com/questions/218384/what-is-a-nullpointerexception-and-how-do-i-fix-it
2017-09-28,13:39:55,148, 1130 ,https://stackoverflow.com/questions/218384/what-is-a-nullpointerexception-and-how-do-i-fix-it
2017-09-28,13:39:55,148, 1130 ,https://stackoverflow.com/questions/218384/what-is-a-nullpointerexception-and-how-do-i-fix-it
2017-09-28,13:39:55,146, 1134 ,https://stackoverflow.com/questions/218384/what-is-a-nullpointerexception-and-how-do-i-fix-it
2017-09-28,13:39:55,146, 1134 ,https://stackoverflow.com/questions/218384/what-is-a-nullpointerexception-and-how-do-i-fix-it
2017-09-28,13:39:55,146, 1134 ,https://stackoverflow.com/questions/218384/what-is-a-nullpointerexception-and-how-do-i-fix-it
2017-09-28,13:39:55,146, 1134 ,https://stackoverflow.com/questions/218384/what-is-a-nullpointerexception-and-how-do-i-fix-it
2017-09-28,13:39:55,146, 1134 ,https://stackoverflow.com/questions/218384/what-is-a-nullpointerexception-and-how-do-i-fix-it
2017-09-28,13:39:55,146, 1134 ,https://stackoverflow.com/questions/218384/what-is-a-nullpointerexception-and-how-do-i-fix-it
2017-09-28,13:39:55,146, 1134 ,https://stackoverflow.com/questions/218384/what-is-a-nullpointerexception-and-how-do-i-fix-it
2017-09-28,13:39:55,144, 1138 ,https://stackoverflow.com/questions/218384/what-is-a-nullpointerexception-and-how-do-i-fix-it
2017-09-28,13:39:55,144, 1138 ,https://stackoverflow.com/questions/218384/what-is-a-nullpointerexception-and-how-do-i-fix-it
2017-09-28,13:39:56,144, 1138 ,https://stackoverflow.com/questions/218384/what-is-a-nullpointerexception-and-how-do-i-fix-it
2017-09-28,13:39:56,144, 1138 ,https://stackoverflow.com/questions/218384/what-is-a-nullpointerexception-and-how-do-i-fix-it
2017-09-28,13:39:56,144, 1138 ,https://stackoverflow.com/questions/218384/what-is-a-nullpointerexception-and-how-do-i-fix-it
2017-09-28,13:39:56,144, 1138 ,https://stackoverflow.com/questions/218384/what-is-a-nullpointerexception-and-how-do-i-fix-it
2017-09-28,13:39:56,144, 1138 ,https://stackoverflow.com/questions/218384/what-is-a-nullpointerexception-and-how-do-i-fix-it
2017-09-28,13:39:56,142, 1140 ,https://stackoverflow.com/questions/218384/what-is-a-nullpointerexception-and-how-do-i-fix-it
2017-09-28,13:39:56,142, 1140 ,https://stackoverflow.com/questions/218384/what-is-a-nullpointerexception-and-how-do-i-fix-it
2017-09-28,13:39:56,142, 1140 ,https://stackoverflow.com/questions/218384/what-is-a-nullpointerexception-and-how-do-i-fix-it
2017-09-28,13:39:56,142, 1140 ,https://stackoverflow.com/questions/218384/what-is-a-nullpointerexception-and-how-do-i-fix-it
2017-09-28,13:39:56,142, 1140 ,https://stackoverflow.com/questions/218384/what-is-a-nullpointerexception-and-how-do-i-fix-it
2017-09-28,13:39:56,142, 1140 ,https://stackoverflow.com/questions/218384/what-is-a-nullpointerexception-and-how-do-i-fix-it
2017-09-28,13:39:56,142, 1140 ,https://stackoverflow.com/questions/218384/what-is-a-nullpointerexception-and-how-do-i-fix-it
2017-09-28,13:39:56,142, 1142 ,https://stackoverflow.com/questions/218384/what-is-a-nullpointerexception-and-how-do-i-fix-it
2017-09-28,13:39:56,142, 1142 ,https://stackoverflow.com/questions/218384/what-is-a-nullpointerexception-and-how-do-i-fix-it
2017-09-28,13:39:56,142, 1142 ,https://stackoverflow.com/questions/218384/what-is-a-nullpointerexception-and-how-do-i-fix-it
2017-09-28,13:39:56,142, 1142 ,https://stackoverflow.com/questions/218384/what-is-a-nullpointerexception-and-how-do-i-fix-it
2017-09-28,13:39:56,142, 1142 ,https://stackoverflow.com/questions/218384/what-is-a-nullpointerexception-and-how-do-i-fix-it
2017-09-28,13:39:56,142, 1142 ,https://stackoverflow.com/questions/218384/what-is-a-nullpointerexception-and-how-do-i-fix-it
2017-09-28,13:39:57,142, 1142 ,https://stackoverflow.com/questions/218384/what-is-a-nullpointerexception-and-how-do-i-fix-it
2017-09-28,13:39:57,140, 1142 ,https://stackoverflow.com/questions/218384/what-is-a-nullpointerexception-and-how-do-i-fix-it
2017-09-28,13:39:57,140, 1142 ,https://stackoverflow.com/questions/218384/what-is-a-nullpointerexception-and-how-do-i-fix-it
2017-09-28,13:39:57,140, 1142 ,https://stackoverflow.com/questions/218384/what-is-a-nullpointerexception-and-how-do-i-fix-it
2017-09-28,13:39:57,140, 1142 ,https://stackoverflow.com/questions/218384/what-is-a-nullpointerexception-and-how-do-i-fix-it
2017-09-28,13:39:57,140, 1142 ,https://stackoverflow.com/questions/218384/what-is-a-nullpointerexception-and-how-do-i-fix-it
2017-09-28,13:39:57,140, 1142 ,https://stackoverflow.com/questions/218384/what-is-a-nullpointerexception-and-how-do-i-fix-it
2017-09-28,13:39:57,140, 1142 ,https://stackoverflow.com/questions/218384/what-is-a-nullpointerexception-and-how-do-i-fix-it
2017-09-28,13:39:57,140, 1144 ,https://stackoverflow.com/questions/218384/what-is-a-nullpointerexception-and-how-do-i-fix-it
2017-09-28,13:39:57,140, 1144 ,https://stackoverflow.com/questions/218384/what-is-a-nullpointerexception-and-how-do-i-fix-it
2017-09-28,13:39:57,140, 1144 ,https://stackoverflow.com/questions/218384/what-is-a-nullpointerexception-and-how-do-i-fix-it
2017-09-28,13:39:57,140, 1144 ,https://stackoverflow.com/questions/218384/what-is-a-nullpointerexception-and-how-do-i-fix-it
2017-09-28,13:39:57,140, 1144 ,https://stackoverflow.com/questions/218384/what-is-a-nullpointerexception-and-how-do-i-fix-it
2017-09-28,13:39:57,140, 1144 ,https://stackoverflow.com/questions/218384/what-is-a-nullpointerexception-and-how-do-i-fix-it
2017-09-28,13:39:57,140, 1144 ,https://stackoverflow.com/questions/218384/what-is-a-nullpointerexception-and-how-do-i-fix-it
2017-09-28,13:39:57,138, 1144 ,https://stackoverflow.com/questions/218384/what-is-a-nullpointerexception-and-how-do-i-fix-it
2017-09-28,13:39:57,138, 1144 ,https://stackoverflow.com/questions/218384/what-is-a-nullpointerexception-and-how-do-i-fix-it
2017-09-28,13:39:57,138, 1144 ,https://stackoverflow.com/questions/218384/what-is-a-nullpointerexception-and-how-do-i-fix-it
2017-09-28,13:39:58,138, 1144 ,https://stackoverflow.com/questions/218384/what-is-a-nullpointerexception-and-how-do-i-fix-it
2017-09-28,13:39:58,138, 1144 ,https://stackoverflow.com/questions/218384/what-is-a-nullpointerexception-and-how-do-i-fix-it
2017-09-28,13:39:58,138, 1144 ,https://stackoverflow.com/questions/218384/what-is-a-nullpointerexception-and-how-do-i-fix-it
2017-09-28,13:39:58,138, 1144 ,https://stackoverflow.com/questions/218384/what-is-a-nullpointerexception-and-how-do-i-fix-it
2017-09-28,13:39:58,138, 1144 ,https://stackoverflow.com/questions/218384/what-is-a-nullpointerexception-and-how-do-i-fix-it
2017-09-28,13:39:58,138, 1144 ,https://stackoverflow.com/questions/218384/what-is-a-nullpointerexception-and-how-do-i-fix-it
2017-09-28,13:39:58,138, 1144 ,https://stackoverflow.com/questions/218384/what-is-a-nullpointerexception-and-how-do-i-fix-it
2017-09-28,13:39:58,138, 1144 ,https://stackoverflow.com/questions/218384/what-is-a-nullpointerexception-and-how-do-i-fix-it
2017-09-28,13:39:58,138, 1144 ,https://stackoverflow.com/questions/218384/what-is-a-nullpointerexception-and-how-do-i-fix-it
2017-09-28,13:39:58,138, 1144 ,https://stackoverflow.com/questions/218384/what-is-a-nullpointerexception-and-how-do-i-fix-it
2017-09-28,13:39:58,138, 1144 ,https://stackoverflow.com/questions/218384/what-is-a-nullpointerexception-and-how-do-i-fix-it
2017-09-28,13:39:58,138, 1144 ,https://stackoverflow.com/questions/218384/what-is-a-nullpointerexception-and-how-do-i-fix-it
2017-09-28,13:39:58,138, 1146 ,https://stackoverflow.com/questions/218384/what-is-a-nullpointerexception-and-how-do-i-fix-it
2017-09-28,13:39:58,138, 1146 ,https://stackoverflow.com/questions/218384/what-is-a-nullpointerexception-and-how-do-i-fix-it
2017-09-28,13:39:58,138, 1146 ,https://stackoverflow.com/questions/218384/what-is-a-nullpointerexception-and-how-do-i-fix-it
2017-09-28,13:39:58,138, 1146 ,https://stackoverflow.com/questions/218384/what-is-a-nullpointerexception-and-how-do-i-fix-it
2017-09-28,13:39:58,138, 1146 ,https://stackoverflow.com/questions/218384/what-is-a-nullpointerexception-and-how-do-i-fix-it
2017-09-28,13:39:58,138, 1146 ,https://stackoverflow.com/questions/218384/what-is-a-nullpointerexception-and-how-do-i-fix-it
2017-09-28,13:39:59,138, 1146 ,https://stackoverflow.com/questions/218384/what-is-a-nullpointerexception-and-how-do-i-fix-it
2017-09-28,13:39:59,136, 1146 ,https://stackoverflow.com/questions/218384/what-is-a-nullpointerexception-and-how-do-i-fix-it
2017-09-28,13:39:59,136, 1146 ,https://stackoverflow.com/questions/218384/what-is-a-nullpointerexception-and-how-do-i-fix-it
2017-09-28,13:39:59,136, 1146 ,https://stackoverflow.com/questions/218384/what-is-a-nullpointerexception-and-how-do-i-fix-it
2017-09-28,13:39:59,136, 1146 ,https://stackoverflow.com/questions/218384/what-is-a-nullpointerexception-and-how-do-i-fix-it
2017-09-28,13:39:59,136, 1146 ,https://stackoverflow.com/questions/218384/what-is-a-nullpointerexception-and-how-do-i-fix-it
2017-09-28,13:39:59,136, 1146 ,https://stackoverflow.com/questions/218384/what-is-a-nullpointerexception-and-how-do-i-fix-it
2017-09-28,13:39:59,136, 1146 ,https://stackoverflow.com/questions/218384/what-is-a-nullpointerexception-and-how-do-i-fix-it
2017-09-28,13:39:59,134, 1146 ,https://stackoverflow.com/questions/218384/what-is-a-nullpointerexception-and-how-do-i-fix-it
2017-09-28,13:39:59,134, 1146 ,https://stackoverflow.com/questions/218384/what-is-a-nullpointerexception-and-how-do-i-fix-it
2017-09-28,13:39:59,134, 1146 ,https://stackoverflow.com/questions/218384/what-is-a-nullpointerexception-and-how-do-i-fix-it
2017-09-28,13:39:59,134, 1146 ,https://stackoverflow.com/questions/218384/what-is-a-nullpointerexception-and-how-do-i-fix-it
2017-09-28,13:39:59,134, 1146 ,https://stackoverflow.com/questions/218384/what-is-a-nullpointerexception-and-how-do-i-fix-it
2017-09-28,13:39:59,134, 1146 ,https://stackoverflow.com/questions/218384/what-is-a-nullpointerexception-and-how-do-i-fix-it
2017-09-28,13:39:59,134, 1146 ,https://stackoverflow.com/questions/218384/what-is-a-nullpointerexception-and-how-do-i-fix-it
2017-09-28,13:40:50,266, 1052 ,https://stackoverflow.com/questions/218384/what-is-a-nullpointerexception-and-how-do-i-fix-it
2017-09-28,13:40:50,266, 1052 ,https://stackoverflow.com/questions/218384/what-is-a-nullpointerexception-and-how-do-i-fix-it
2017-09-28,13:40:50,266, 1052 ,https://stackoverflow.com/questions/218384/what-is-a-nullpointerexception-and-how-do-i-fix-it
2017-09-28,13:40:50,274, 1054 ,https://stackoverflow.com/questions/218384/what-is-a-nullpointerexception-and-how-do-i-fix-it
2017-09-28,13:40:50,274, 1054 ,https://stackoverflow.com/questions/218384/what-is-a-nullpointerexception-and-how-do-i-fix-it
2017-09-28,13:40:50,274, 1054 ,https://stackoverflow.com/questions/218384/what-is-a-nullpointerexception-and-how-do-i-fix-it
2017-09-28,13:40:50,274, 1054 ,https://stackoverflow.com/questions/218384/what-is-a-nullpointerexception-and-how-do-i-fix-it
2017-09-28,13:40:50,274, 1054 ,https://stackoverflow.com/questions/218384/what-is-a-nullpointerexception-and-how-do-i-fix-it
2017-09-28,13:40:50,274, 1054 ,https://stackoverflow.com/questions/218384/what-is-a-nullpointerexception-and-how-do-i-fix-it
2017-09-28,13:40:50,274, 1054 ,https://stackoverflow.com/questions/218384/what-is-a-nullpointerexception-and-how-do-i-fix-it
2017-09-28,13:40:50,280, 1054 ,https://stackoverflow.com/questions/218384/what-is-a-nullpointerexception-and-how-do-i-fix-it
2017-09-28,13:40:50,280, 1054 ,https://stackoverflow.com/questions/218384/what-is-a-nullpointerexception-and-how-do-i-fix-it
2017-09-28,13:40:50,280, 1054 ,https://stackoverflow.com/questions/218384/what-is-a-nullpointerexception-and-how-do-i-fix-it
2017-09-28,13:40:50,280, 1054 ,https://stackoverflow.com/questions/218384/what-is-a-nullpointerexception-and-how-do-i-fix-it
2017-09-28,13:40:50,280, 1054 ,https://stackoverflow.com/questions/218384/what-is-a-nullpointerexception-and-how-do-i-fix-it
2017-09-28,13:40:50,280, 1054 ,https://stackoverflow.com/questions/218384/what-is-a-nullpointerexception-and-how-do-i-fix-it
2017-09-28,13:40:50,280, 1054 ,https://stackoverflow.com/questions/218384/what-is-a-nullpointerexception-and-how-do-i-fix-it
2017-09-28,13:40:50,284, 1054 ,https://stackoverflow.com/questions/218384/what-is-a-nullpointerexception-and-how-do-i-fix-it
2017-09-28,13:40:51,284, 1054 ,https://stackoverflow.com/questions/218384/what-is-a-nullpointerexception-and-how-do-i-fix-it
2017-09-28,13:40:51,284, 1054 ,https://stackoverflow.com/questions/218384/what-is-a-nullpointerexception-and-how-do-i-fix-it
2017-09-28,13:40:51,284, 1054 ,https://stackoverflow.com/questions/218384/what-is-a-nullpointerexception-and-how-do-i-fix-it
2017-09-28,13:40:51,284, 1054 ,https://stackoverflow.com/questions/218384/what-is-a-nullpointerexception-and-how-do-i-fix-it
2017-09-28,13:40:51,284, 1054 ,https://stackoverflow.com/questions/218384/what-is-a-nullpointerexception-and-how-do-i-fix-it
2017-09-28,13:40:51,108, 526 ,https://stackoverflow.com/nocaptcha?s=19065d0a-e5b5-4621-b44e-52c8505381db
2017-09-28,13:40:51,284, 1054 ,https://stackoverflow.com/questions/218384/what-is-a-nullpointerexception-and-how-do-i-fix-it
2017-09-28,13:40:51,290, 1056 ,https://stackoverflow.com/questions/218384/what-is-a-nullpointerexception-and-how-do-i-fix-it
2017-09-28,13:40:51,290, 1056 ,https://stackoverflow.com/questions/218384/what-is-a-nullpointerexception-and-how-do-i-fix-it
2017-09-28,13:40:51,290, 1056 ,https://stackoverflow.com/questions/218384/what-is-a-nullpointerexception-and-how-do-i-fix-it
2017-09-28,13:40:51,290, 1056 ,https://stackoverflow.com/questions/218384/what-is-a-nullpointerexception-and-how-do-i-fix-it
2017-09-28,13:40:51,290, 1056 ,https://stackoverflow.com/questions/218384/what-is-a-nullpointerexception-and-how-do-i-fix-it
2017-09-28,13:40:51,290, 1056 ,https://stackoverflow.com/questions/218384/what-is-a-nullpointerexception-and-how-do-i-fix-it
2017-09-28,13:40:51,290, 1056 ,https://stackoverflow.com/questions/218384/what-is-a-nullpointerexception-and-how-do-i-fix-it
2017-09-28,13:40:51,304, 1060 ,https://stackoverflow.com/questions/218384/what-is-a-nullpointerexception-and-how-do-i-fix-it
2017-09-28,13:40:51,304, 1060 ,https://stackoverflow.com/questions/218384/what-is-a-nullpointerexception-and-how-do-i-fix-it
2017-09-28,13:40:51,304, 1060 ,https://stackoverflow.com/questions/218384/what-is-a-nullpointerexception-and-how-do-i-fix-it
2017-09-28,13:40:51,88, 522 ,https://stackoverflow.com/nocaptcha?s=19065d0a-e5b5-4621-b44e-52c8505381db
2017-09-28,13:40:52,304, 1060 ,https://stackoverflow.com/questions/218384/what-is-a-nullpointerexception-and-how-do-i-fix-it
2017-09-28,13:40:52,304, 1060 ,https://stackoverflow.com/questions/218384/what-is-a-nullpointerexception-and-how-do-i-fix-it
2017-09-28,13:40:52,304, 1060 ,https://stackoverflow.com/questions/218384/what-is-a-nullpointerexception-and-how-do-i-fix-it
2017-09-28,13:40:52,72, 518 ,https://stackoverflow.com/nocaptcha?s=19065d0a-e5b5-4621-b44e-52c8505381db
2017-09-28,13:40:52,304, 1060 ,https://stackoverflow.com/questions/218384/what-is-a-nullpointerexception-and-how-do-i-fix-it
2017-09-28,13:40:52,318, 1062 ,https://stackoverflow.com/questions/218384/what-is-a-nullpointerexception-and-how-do-i-fix-it
2017-09-28,13:40:52,318, 1062 ,https://stackoverflow.com/questions/218384/what-is-a-nullpointerexception-and-how-do-i-fix-it
2017-09-28,13:40:52,318, 1062 ,https://stackoverflow.com/questions/218384/what-is-a-nullpointerexception-and-how-do-i-fix-it
2017-09-28,13:40:52,318, 1062 ,https://stackoverflow.com/questions/218384/what-is-a-nullpointerexception-and-how-do-i-fix-it
2017-09-28,13:40:52,318, 1062 ,https://stackoverflow.com/questions/218384/what-is-a-nullpointerexception-and-how-do-i-fix-it
2017-09-28,13:40:52,70, 516 ,https://stackoverflow.com/nocaptcha?s=19065d0a-e5b5-4621-b44e-52c8505381db
2017-09-28,13:40:52,318, 1062 ,https://stackoverflow.com/questions/218384/what-is-a-nullpointerexception-and-how-do-i-fix-it
2017-09-28,13:40:52,318, 1062 ,https://stackoverflow.com/questions/218384/what-is-a-nullpointerexception-and-how-do-i-fix-it
2017-09-28,13:40:52,334, 1062 ,https://stackoverflow.com/questions/218384/what-is-a-nullpointerexception-and-how-do-i-fix-it
2017-09-28,13:40:52,334, 1062 ,https://stackoverflow.com/questions/218384/what-is-a-nullpointerexception-and-how-do-i-fix-it
2017-09-28,13:40:52,68, 516 ,https://stackoverflow.com/nocaptcha?s=19065d0a-e5b5-4621-b44e-52c8505381db
2017-09-28,13:40:52,334, 1062 ,https://stackoverflow.com/questions/218384/what-is-a-nullpointerexception-and-how-do-i-fix-it
2017-09-28,13:40:52,334, 1062 ,https://stackoverflow.com/questions/218384/what-is-a-nullpointerexception-and-how-do-i-fix-it
2017-09-28,13:40:53,334, 1062 ,https://stackoverflow.com/questions/218384/what-is-a-nullpointerexception-and-how-do-i-fix-it
2017-09-28,13:40:53,334, 1062 ,https://stackoverflow.com/questions/218384/what-is-a-nullpointerexception-and-how-do-i-fix-it
2017-09-28,13:40:53,334, 1062 ,https://stackoverflow.com/questions/218384/what-is-a-nullpointerexception-and-how-do-i-fix-it
2017-09-28,13:40:53,350, 1062 ,https://stackoverflow.com/questions/218384/what-is-a-nullpointerexception-and-how-do-i-fix-it
2017-09-28,13:40:53,350, 1062 ,https://stackoverflow.com/questions/218384/what-is-a-nullpointerexception-and-how-do-i-fix-it
2017-09-28,13:40:53,350, 1062 ,https://stackoverflow.com/questions/218384/what-is-a-nullpointerexception-and-how-do-i-fix-it
2017-09-28,13:40:53,350, 1062 ,https://stackoverflow.com/questions/218384/what-is-a-nullpointerexception-and-how-do-i-fix-it
2017-09-28,13:40:53,350, 1062 ,https://stackoverflow.com/questions/218384/what-is-a-nullpointerexception-and-how-do-i-fix-it
2017-09-28,13:40:53,350, 1062 ,https://stackoverflow.com/questions/218384/what-is-a-nullpointerexception-and-how-do-i-fix-it
2017-09-28,13:40:53,74, 516 ,https://stackoverflow.com/nocaptcha?s=19065d0a-e5b5-4621-b44e-52c8505381db
2017-09-28,13:40:53,350, 1062 ,https://stackoverflow.com/questions/218384/what-is-a-nullpointerexception-and-how-do-i-fix-it
2017-09-28,13:40:53,378, 1062 ,https://stackoverflow.com/questions/218384/what-is-a-nullpointerexception-and-how-do-i-fix-it
2017-09-28,13:40:53,78, 518 ,https://stackoverflow.com/nocaptcha?s=19065d0a-e5b5-4621-b44e-52c8505381db
2017-09-28,13:40:53,378, 1062 ,https://stackoverflow.com/questions/218384/what-is-a-nullpointerexception-and-how-do-i-fix-it
2017-09-28,13:40:53,378, 1062 ,https://stackoverflow.com/questions/218384/what-is-a-nullpointerexception-and-how-do-i-fix-it
2017-09-28,13:40:53,378, 1062 ,https://stackoverflow.com/questions/218384/what-is-a-nullpointerexception-and-how-do-i-fix-it
2017-09-28,13:40:53,378, 1062 ,https://stackoverflow.com/questions/218384/what-is-a-nullpointerexception-and-how-do-i-fix-it
2017-09-28,13:40:53,378, 1062 ,https://stackoverflow.com/questions/218384/what-is-a-nullpointerexception-and-how-do-i-fix-it
2017-09-28,13:40:54,378, 1062 ,https://stackoverflow.com/questions/218384/what-is-a-nullpointerexception-and-how-do-i-fix-it
2017-09-28,13:40:54,386, 1064 ,https://stackoverflow.com/questions/218384/what-is-a-nullpointerexception-and-how-do-i-fix-it
2017-09-28,13:40:54,386, 1064 ,https://stackoverflow.com/questions/218384/what-is-a-nullpointerexception-and-how-do-i-fix-it
2017-09-28,13:40:54,386, 1064 ,https://stackoverflow.com/questions/218384/what-is-a-nullpointerexception-and-how-do-i-fix-it
2017-09-28,13:40:54,386, 1064 ,https://stackoverflow.com/questions/218384/what-is-a-nullpointerexception-and-how-do-i-fix-it
2017-09-28,13:40:54,386, 1064 ,https://stackoverflow.com/questions/218384/what-is-a-nullpointerexception-and-how-do-i-fix-it
2017-09-28,13:40:54,82, 518 ,https://stackoverflow.com/nocaptcha?s=19065d0a-e5b5-4621-b44e-52c8505381db
2017-09-28,13:40:54,386, 1064 ,https://stackoverflow.com/questions/218384/what-is-a-nullpointerexception-and-how-do-i-fix-it
2017-09-28,13:40:54,386, 1064 ,https://stackoverflow.com/questions/218384/what-is-a-nullpointerexception-and-how-do-i-fix-it
2017-09-28,13:40:54,410, 1064 ,https://stackoverflow.com/questions/218384/what-is-a-nullpointerexception-and-how-do-i-fix-it
2017-09-28,13:40:54,410, 1064 ,https://stackoverflow.com/questions/218384/what-is-a-nullpointerexception-and-how-do-i-fix-it
2017-09-28,13:40:54,410, 1064 ,https://stackoverflow.com/questions/218384/what-is-a-nullpointerexception-and-how-do-i-fix-it
2017-09-28,13:40:54,86, 520 ,https://stackoverflow.com/nocaptcha?s=19065d0a-e5b5-4621-b44e-52c8505381db
2017-09-28,13:40:54,410, 1064 ,https://stackoverflow.com/questions/218384/what-is-a-nullpointerexception-and-how-do-i-fix-it
2017-09-28,13:40:54,410, 1064 ,https://stackoverflow.com/questions/218384/what-is-a-nullpointerexception-and-how-do-i-fix-it
2017-09-28,13:40:54,410, 1064 ,https://stackoverflow.com/questions/218384/what-is-a-nullpointerexception-and-how-do-i-fix-it
2017-09-28,13:40:54,410, 1064 ,https://stackoverflow.com/questions/218384/what-is-a-nullpointerexception-and-how-do-i-fix-it
2017-09-28,13:40:54,426, 1064 ,https://stackoverflow.com/questions/218384/what-is-a-nullpointerexception-and-how-do-i-fix-it
2017-09-28,13:40:55,426, 1064 ,https://stackoverflow.com/questions/218384/what-is-a-nullpointerexception-and-how-do-i-fix-it
2017-09-28,13:40:55,426, 1064 ,https://stackoverflow.com/questions/218384/what-is-a-nullpointerexception-and-how-do-i-fix-it
2017-09-28,13:40:55,426, 1064 ,https://stackoverflow.com/questions/218384/what-is-a-nullpointerexception-and-how-do-i-fix-it
2017-09-28,13:40:55,426, 1064 ,https://stackoverflow.com/questions/218384/what-is-a-nullpointerexception-and-how-do-i-fix-it
2017-09-28,13:40:55,426, 1064 ,https://stackoverflow.com/questions/218384/what-is-a-nullpointerexception-and-how-do-i-fix-it
2017-09-28,13:40:55,90, 522 ,https://stackoverflow.com/nocaptcha?s=19065d0a-e5b5-4621-b44e-52c8505381db
2017-09-28,13:40:55,426, 1064 ,https://stackoverflow.com/questions/218384/what-is-a-nullpointerexception-and-how-do-i-fix-it
2017-09-28,13:40:55,442, 1066 ,https://stackoverflow.com/questions/218384/what-is-a-nullpointerexception-and-how-do-i-fix-it
2017-09-28,13:40:55,442, 1066 ,https://stackoverflow.com/questions/218384/what-is-a-nullpointerexception-and-how-do-i-fix-it
2017-09-28,13:40:55,442, 1066 ,https://stackoverflow.com/questions/218384/what-is-a-nullpointerexception-and-how-do-i-fix-it
2017-09-28,13:40:55,442, 1066 ,https://stackoverflow.com/questions/218384/what-is-a-nullpointerexception-and-how-do-i-fix-it
2017-09-28,13:40:55,442, 1066 ,https://stackoverflow.com/questions/218384/what-is-a-nullpointerexception-and-how-do-i-fix-it
2017-09-28,13:40:55,442, 1066 ,https://stackoverflow.com/questions/218384/what-is-a-nullpointerexception-and-how-do-i-fix-it
2017-09-28,13:40:55,442, 1066 ,https://stackoverflow.com/questions/218384/what-is-a-nullpointerexception-and-how-do-i-fix-it
2017-09-28,13:40:55,460, 1066 ,https://stackoverflow.com/questions/218384/what-is-a-nullpointerexception-and-how-do-i-fix-it
2017-09-28,13:40:55,460, 1066 ,https://stackoverflow.com/questions/218384/what-is-a-nullpointerexception-and-how-do-i-fix-it
2017-09-28,13:40:55,94, 524 ,https://stackoverflow.com/nocaptcha?s=19065d0a-e5b5-4621-b44e-52c8505381db
2017-09-28,13:42:26,518, 354 ,https://stackoverflow.com/users/login?ssrc=head&returnurl=https%3a%2f%2fstackoverflow.com%2fquestions%2f218384%2fwhat-is-a-nullpointerexception-and-how-do-i-fix-it
2017-09-28,13:42:26,518, 354 ,https://stackoverflow.com/users/login?ssrc=head&returnurl=https%3a%2f%2fstackoverflow.com%2fquestions%2f218384%2fwhat-is-a-nullpointerexception-and-how-do-i-fix-it
2017-09-28,13:42:26,518, 354 ,https://stackoverflow.com/users/login?ssrc=head&returnurl=https%3a%2f%2fstackoverflow.com%2fquestions%2f218384%2fwhat-is-a-nullpointerexception-and-how-do-i-fix-it
2017-09-28,13:42:27,538, 366 ,https://stackoverflow.com/users/login?ssrc=head&returnurl=https%3a%2f%2fstackoverflow.com%2fquestions%2f218384%2fwhat-is-a-nullpointerexception-and-how-do-i-fix-it
2017-09-28,13:42:27,538, 366 ,https://stackoverflow.com/users/login?ssrc=head&returnurl=https%3a%2f%2fstackoverflow.com%2fquestions%2f218384%2fwhat-is-a-nullpointerexception-and-how-do-i-fix-it
2017-09-28,13:42:27,538, 366 ,https://stackoverflow.com/users/login?ssrc=head&returnurl=https%3a%2f%2fstackoverflow.com%2fquestions%2f218384%2fwhat-is-a-nullpointerexception-and-how-do-i-fix-it
2017-09-28,13:42:27,550, 374 ,https://stackoverflow.com/users/login?ssrc=head&returnurl=https%3a%2f%2fstackoverflow.com%2fquestions%2f218384%2fwhat-is-a-nullpointerexception-and-how-do-i-fix-it
2017-09-28,13:42:27,550, 374 ,https://stackoverflow.com/users/login?ssrc=head&returnurl=https%3a%2f%2fstackoverflow.com%2fquestions%2f218384%2fwhat-is-a-nullpointerexception-and-how-do-i-fix-it
2017-09-28,13:42:27,550, 374 ,https://stackoverflow.com/users/login?ssrc=head&returnurl=https%3a%2f%2fstackoverflow.com%2fquestions%2f218384%2fwhat-is-a-nullpointerexception-and-how-do-i-fix-it
2017-09-28,13:42:27,562, 382 ,https://stackoverflow.com/users/login?ssrc=head&returnurl=https%3a%2f%2fstackoverflow.com%2fquestions%2f218384%2fwhat-is-a-nullpointerexception-and-how-do-i-fix-it
2017-09-28,13:42:27,562, 382 ,https://stackoverflow.com/users/login?ssrc=head&returnurl=https%3a%2f%2fstackoverflow.com%2fquestions%2f218384%2fwhat-is-a-nullpointerexception-and-how-do-i-fix-it
2017-09-28,13:42:27,562, 382 ,https://stackoverflow.com/users/login?ssrc=head&returnurl=https%3a%2f%2fstackoverflow.com%2fquestions%2f218384%2fwhat-is-a-nullpointerexception-and-how-do-i-fix-it
2017-09-28,13:42:27,568, 386 ,https://stackoverflow.com/users/login?ssrc=head&returnurl=https%3a%2f%2fstackoverflow.com%2fquestions%2f218384%2fwhat-is-a-nullpointerexception-and-how-do-i-fix-it
2017-09-28,13:42:27,568, 386 ,https://stackoverflow.com/users/login?ssrc=head&returnurl=https%3a%2f%2fstackoverflow.com%2fquestions%2f218384%2fwhat-is-a-nullpointerexception-and-how-do-i-fix-it
2017-09-28,13:42:27,568, 386 ,https://stackoverflow.com/users/login?ssrc=head&returnurl=https%3a%2f%2fstackoverflow.com%2fquestions%2f218384%2fwhat-is-a-nullpointerexception-and-how-do-i-fix-it
2017-09-28,13:42:27,572, 388 ,https://stackoverflow.com/users/login?ssrc=head&returnurl=https%3a%2f%2fstackoverflow.com%2fquestions%2f218384%2fwhat-is-a-nullpointerexception-and-how-do-i-fix-it
2017-09-28,13:42:27,572, 388 ,https://stackoverflow.com/users/login?ssrc=head&returnurl=https%3a%2f%2fstackoverflow.com%2fquestions%2f218384%2fwhat-is-a-nullpointerexception-and-how-do-i-fix-it
2017-09-28,13:42:27,572, 388 ,https://stackoverflow.com/users/login?ssrc=head&returnurl=https%3a%2f%2fstackoverflow.com%2fquestions%2f218384%2fwhat-is-a-nullpointerexception-and-how-do-i-fix-it
2017-09-28,13:42:27,506, 632 ,https://stackoverflow.com/users/oauth/google?code=4/Zq0i7hpvQW6JgmNSNnit7uCIxXFfdK4I9rzeL7CQl38&state=%7b%22sid%22%3a1%2c%22st%22%3a%224f9b8f995ca530ac501a3e60de11f1c1572851439a02a00615b246235dd76a98%22%2c%22ses%22%3a%22c192e1c131b744fe85cbcb3495f1d8a8%22%7d&s=c192e1c131b744fe85cbcb3495f1d8a8#
2017-09-28,13:42:27,570, 388 ,https://stackoverflow.com/users/login?ssrc=head&returnurl=https%3a%2f%2fstackoverflow.com%2fquestions%2f218384%2fwhat-is-a-nullpointerexception-and-how-do-i-fix-it
2017-09-28,13:42:28,570, 388 ,https://stackoverflow.com/users/login?ssrc=head&returnurl=https%3a%2f%2fstackoverflow.com%2fquestions%2f218384%2fwhat-is-a-nullpointerexception-and-how-do-i-fix-it
2017-09-28,13:42:28,570, 388 ,https://stackoverflow.com/users/login?ssrc=head&returnurl=https%3a%2f%2fstackoverflow.com%2fquestions%2f218384%2fwhat-is-a-nullpointerexception-and-how-do-i-fix-it
2017-09-28,13:42:28,570, 386 ,https://stackoverflow.com/users/login?ssrc=head&returnurl=https%3a%2f%2fstackoverflow.com%2fquestions%2f218384%2fwhat-is-a-nullpointerexception-and-how-do-i-fix-it
2017-09-28,13:42:28,570, 386 ,https://stackoverflow.com/users/login?ssrc=head&returnurl=https%3a%2f%2fstackoverflow.com%2fquestions%2f218384%2fwhat-is-a-nullpointerexception-and-how-do-i-fix-it
2017-09-28,13:42:28,570, 386 ,https://stackoverflow.com/users/login?ssrc=head&returnurl=https%3a%2f%2fstackoverflow.com%2fquestions%2f218384%2fwhat-is-a-nullpointerexception-and-how-do-i-fix-it
2017-09-28,13:42:28,570, 386 ,https://stackoverflow.com/users/login?ssrc=head&returnurl=https%3a%2f%2fstackoverflow.com%2fquestions%2f218384%2fwhat-is-a-nullpointerexception-and-how-do-i-fix-it
2017-09-28,13:42:28,570, 386 ,https://stackoverflow.com/users/login?ssrc=head&returnurl=https%3a%2f%2fstackoverflow.com%2fquestions%2f218384%2fwhat-is-a-nullpointerexception-and-how-do-i-fix-it
2017-09-28,13:42:28,570, 386 ,https://stackoverflow.com/users/login?ssrc=head&returnurl=https%3a%2f%2fstackoverflow.com%2fquestions%2f218384%2fwhat-is-a-nullpointerexception-and-how-do-i-fix-it
2017-09-28,13:42:28,570, 386 ,https://stackoverflow.com/users/login?ssrc=head&returnurl=https%3a%2f%2fstackoverflow.com%2fquestions%2f218384%2fwhat-is-a-nullpointerexception-and-how-do-i-fix-it
2017-09-28,13:42:28,570, 386 ,https://stackoverflow.com/users/login?ssrc=head&returnurl=https%3a%2f%2fstackoverflow.com%2fquestions%2f218384%2fwhat-is-a-nullpointerexception-and-how-do-i-fix-it
2017-09-28,13:42:28,570, 386 ,https://stackoverflow.com/users/login?ssrc=head&returnurl=https%3a%2f%2fstackoverflow.com%2fquestions%2f218384%2fwhat-is-a-nullpointerexception-and-how-do-i-fix-it
2017-09-28,13:42:28,570, 386 ,https://stackoverflow.com/users/login?ssrc=head&returnurl=https%3a%2f%2fstackoverflow.com%2fquestions%2f218384%2fwhat-is-a-nullpointerexception-and-how-do-i-fix-it
2017-09-28,13:42:28,570, 386 ,https://stackoverflow.com/users/login?ssrc=head&returnurl=https%3a%2f%2fstackoverflow.com%2fquestions%2f218384%2fwhat-is-a-nullpointerexception-and-how-do-i-fix-it
2017-09-28,13:42:28,570, 384 ,https://stackoverflow.com/users/login?ssrc=head&returnurl=https%3a%2f%2fstackoverflow.com%2fquestions%2f218384%2fwhat-is-a-nullpointerexception-and-how-do-i-fix-it
2017-09-28,13:42:28,570, 384 ,https://stackoverflow.com/users/login?ssrc=head&returnurl=https%3a%2f%2fstackoverflow.com%2fquestions%2f218384%2fwhat-is-a-nullpointerexception-and-how-do-i-fix-it
2017-09-28,13:42:28,570, 384 ,https://stackoverflow.com/users/login?ssrc=head&returnurl=https%3a%2f%2fstackoverflow.com%2fquestions%2f218384%2fwhat-is-a-nullpointerexception-and-how-do-i-fix-it
2017-09-28,13:42:28,568, 384 ,https://stackoverflow.com/users/login?ssrc=head&returnurl=https%3a%2f%2fstackoverflow.com%2fquestions%2f218384%2fwhat-is-a-nullpointerexception-and-how-do-i-fix-it
2017-09-28,13:42:28,568, 384 ,https://stackoverflow.com/users/login?ssrc=head&returnurl=https%3a%2f%2fstackoverflow.com%2fquestions%2f218384%2fwhat-is-a-nullpointerexception-and-how-do-i-fix-it
2017-09-28,13:42:29,568, 384 ,https://stackoverflow.com/users/login?ssrc=head&returnurl=https%3a%2f%2fstackoverflow.com%2fquestions%2f218384%2fwhat-is-a-nullpointerexception-and-how-do-i-fix-it
2017-09-28,13:42:29,568, 384 ,https://stackoverflow.com/users/login?ssrc=head&returnurl=https%3a%2f%2fstackoverflow.com%2fquestions%2f218384%2fwhat-is-a-nullpointerexception-and-how-do-i-fix-it
2017-09-28,13:42:29,568, 384 ,https://stackoverflow.com/users/login?ssrc=head&returnurl=https%3a%2f%2fstackoverflow.com%2fquestions%2f218384%2fwhat-is-a-nullpointerexception-and-how-do-i-fix-it
2017-09-28,13:42:29,568, 384 ,https://stackoverflow.com/users/login?ssrc=head&returnurl=https%3a%2f%2fstackoverflow.com%2fquestions%2f218384%2fwhat-is-a-nullpointerexception-and-how-do-i-fix-it
2017-09-28,13:42:29,568, 384 ,https://stackoverflow.com/users/login?ssrc=head&returnurl=https%3a%2f%2fstackoverflow.com%2fquestions%2f218384%2fwhat-is-a-nullpointerexception-and-how-do-i-fix-it
2017-09-28,13:42:29,506, 1030 ,https://stackoverflow.com/users/oauth/google?code=4/Zq0i7hpvQW6JgmNSNnit7uCIxXFfdK4I9rzeL7CQl38&state=%7b%22sid%22%3a1%2c%22st%22%3a%224f9b8f995ca530ac501a3e60de11f1c1572851439a02a00615b246235dd76a98%22%2c%22ses%22%3a%22c192e1c131b744fe85cbcb3495f1d8a8%22%7d&s=c192e1c131b744fe85cbcb3495f1d8a8#
2017-09-28,13:42:29,504, 1030 ,https://stackoverflow.com/users/oauth/google?code=4/Zq0i7hpvQW6JgmNSNnit7uCIxXFfdK4I9rzeL7CQl38&state=%7b%22sid%22%3a1%2c%22st%22%3a%224f9b8f995ca530ac501a3e60de11f1c1572851439a02a00615b246235dd76a98%22%2c%22ses%22%3a%22c192e1c131b744fe85cbcb3495f1d8a8%22%7d&s=c192e1c131b744fe85cbcb3495f1d8a8#
2017-09-28,13:42:29,504, 1030 ,https://stackoverflow.com/users/oauth/google?code=4/Zq0i7hpvQW6JgmNSNnit7uCIxXFfdK4I9rzeL7CQl38&state=%7b%22sid%22%3a1%2c%22st%22%3a%224f9b8f995ca530ac501a3e60de11f1c1572851439a02a00615b246235dd76a98%22%2c%22ses%22%3a%22c192e1c131b744fe85cbcb3495f1d8a8%22%7d&s=c192e1c131b744fe85cbcb3495f1d8a8#
2017-09-28,13:42:29,504, 1028 ,https://stackoverflow.com/users/oauth/google?code=4/Zq0i7hpvQW6JgmNSNnit7uCIxXFfdK4I9rzeL7CQl38&state=%7b%22sid%22%3a1%2c%22st%22%3a%224f9b8f995ca530ac501a3e60de11f1c1572851439a02a00615b246235dd76a98%22%2c%22ses%22%3a%22c192e1c131b744fe85cbcb3495f1d8a8%22%7d&s=c192e1c131b744fe85cbcb3495f1d8a8#
2017-09-28,13:42:29,502, 1022 ,https://stackoverflow.com/users/oauth/google?code=4/Zq0i7hpvQW6JgmNSNnit7uCIxXFfdK4I9rzeL7CQl38&state=%7b%22sid%22%3a1%2c%22st%22%3a%224f9b8f995ca530ac501a3e60de11f1c1572851439a02a00615b246235dd76a98%22%2c%22ses%22%3a%22c192e1c131b744fe85cbcb3495f1d8a8%22%7d&s=c192e1c131b744fe85cbcb3495f1d8a8#
2017-09-28,13:42:29,500, 1016 ,https://stackoverflow.com/users/oauth/google?code=4/Zq0i7hpvQW6JgmNSNnit7uCIxXFfdK4I9rzeL7CQl38&state=%7b%22sid%22%3a1%2c%22st%22%3a%224f9b8f995ca530ac501a3e60de11f1c1572851439a02a00615b246235dd76a98%22%2c%22ses%22%3a%22c192e1c131b744fe85cbcb3495f1d8a8%22%7d&s=c192e1c131b744fe85cbcb3495f1d8a8#
2017-09-28,13:42:29,498, 1008 ,https://stackoverflow.com/users/oauth/google?code=4/Zq0i7hpvQW6JgmNSNnit7uCIxXFfdK4I9rzeL7CQl38&state=%7b%22sid%22%3a1%2c%22st%22%3a%224f9b8f995ca530ac501a3e60de11f1c1572851439a02a00615b246235dd76a98%22%2c%22ses%22%3a%22c192e1c131b744fe85cbcb3495f1d8a8%22%7d&s=c192e1c131b744fe85cbcb3495f1d8a8#
2017-09-28,13:42:29,496, 1002 ,https://stackoverflow.com/users/oauth/google?code=4/Zq0i7hpvQW6JgmNSNnit7uCIxXFfdK4I9rzeL7CQl38&state=%7b%22sid%22%3a1%2c%22st%22%3a%224f9b8f995ca530ac501a3e60de11f1c1572851439a02a00615b246235dd76a98%22%2c%22ses%22%3a%22c192e1c131b744fe85cbcb3495f1d8a8%22%7d&s=c192e1c131b744fe85cbcb3495f1d8a8#
2017-09-28,13:42:29,494, 996 ,https://stackoverflow.com/users/oauth/google?code=4/Zq0i7hpvQW6JgmNSNnit7uCIxXFfdK4I9rzeL7CQl38&state=%7b%22sid%22%3a1%2c%22st%22%3a%224f9b8f995ca530ac501a3e60de11f1c1572851439a02a00615b246235dd76a98%22%2c%22ses%22%3a%22c192e1c131b744fe85cbcb3495f1d8a8%22%7d&s=c192e1c131b744fe85cbcb3495f1d8a8#
2017-09-28,13:42:29,494, 992 ,https://stackoverflow.com/users/oauth/google?code=4/Zq0i7hpvQW6JgmNSNnit7uCIxXFfdK4I9rzeL7CQl38&state=%7b%22sid%22%3a1%2c%22st%22%3a%224f9b8f995ca530ac501a3e60de11f1c1572851439a02a00615b246235dd76a98%22%2c%22ses%22%3a%22c192e1c131b744fe85cbcb3495f1d8a8%22%7d&s=c192e1c131b744fe85cbcb3495f1d8a8#
2017-09-28,13:42:29,492, 988 ,https://stackoverflow.com/users/oauth/google?code=4/Zq0i7hpvQW6JgmNSNnit7uCIxXFfdK4I9rzeL7CQl38&state=%7b%22sid%22%3a1%2c%22st%22%3a%224f9b8f995ca530ac501a3e60de11f1c1572851439a02a00615b246235dd76a98%22%2c%22ses%22%3a%22c192e1c131b744fe85cbcb3495f1d8a8%22%7d&s=c192e1c131b744fe85cbcb3495f1d8a8#
2017-09-28,13:42:29,568, 384 ,https://stackoverflow.com/users/login?ssrc=head&returnurl=https%3a%2f%2fstackoverflow.com%2fquestions%2f218384%2fwhat-is-a-nullpointerexception-and-how-do-i-fix-it
2017-09-28,13:42:30,568, 384 ,https://stackoverflow.com/users/login?ssrc=head&returnurl=https%3a%2f%2fstackoverflow.com%2fquestions%2f218384%2fwhat-is-a-nullpointerexception-and-how-do-i-fix-it
2017-09-28,13:42:30,568, 384 ,https://stackoverflow.com/users/login?ssrc=head&returnurl=https%3a%2f%2fstackoverflow.com%2fquestions%2f218384%2fwhat-is-a-nullpointerexception-and-how-do-i-fix-it
2017-09-28,13:42:30,568, 384 ,https://stackoverflow.com/users/login?ssrc=head&returnurl=https%3a%2f%2fstackoverflow.com%2fquestions%2f218384%2fwhat-is-a-nullpointerexception-and-how-do-i-fix-it
2017-09-28,13:42:30,564, 382 ,https://stackoverflow.com/users/login?ssrc=head&returnurl=https%3a%2f%2fstackoverflow.com%2fquestions%2f218384%2fwhat-is-a-nullpointerexception-and-how-do-i-fix-it
2017-09-28,13:42:30,564, 382 ,https://stackoverflow.com/users/login?ssrc=head&returnurl=https%3a%2f%2fstackoverflow.com%2fquestions%2f218384%2fwhat-is-a-nullpointerexception-and-how-do-i-fix-it
2017-09-28,13:42:30,564, 382 ,https://stackoverflow.com/users/login?ssrc=head&returnurl=https%3a%2f%2fstackoverflow.com%2fquestions%2f218384%2fwhat-is-a-nullpointerexception-and-how-do-i-fix-it
2017-09-28,13:42:30,562, 382 ,https://stackoverflow.com/users/login?ssrc=head&returnurl=https%3a%2f%2fstackoverflow.com%2fquestions%2f218384%2fwhat-is-a-nullpointerexception-and-how-do-i-fix-it
2017-09-28,13:42:30,562, 382 ,https://stackoverflow.com/users/login?ssrc=head&returnurl=https%3a%2f%2fstackoverflow.com%2fquestions%2f218384%2fwhat-is-a-nullpointerexception-and-how-do-i-fix-it
2017-09-28,13:42:30,562, 382 ,https://stackoverflow.com/users/login?ssrc=head&returnurl=https%3a%2f%2fstackoverflow.com%2fquestions%2f218384%2fwhat-is-a-nullpointerexception-and-how-do-i-fix-it
2017-09-28,13:42:30,562, 382 ,https://stackoverflow.com/users/login?ssrc=head&returnurl=https%3a%2f%2fstackoverflow.com%2fquestions%2f218384%2fwhat-is-a-nullpointerexception-and-how-do-i-fix-it
2017-09-28,13:42:30,556, 380 ,https://stackoverflow.com/users/login?ssrc=head&returnurl=https%3a%2f%2fstackoverflow.com%2fquestions%2f218384%2fwhat-is-a-nullpointerexception-and-how-do-i-fix-it
2017-09-28,13:42:30,556, 380 ,https://stackoverflow.com/users/login?ssrc=head&returnurl=https%3a%2f%2fstackoverflow.com%2fquestions%2f218384%2fwhat-is-a-nullpointerexception-and-how-do-i-fix-it
2017-09-28,13:42:30,556, 380 ,https://stackoverflow.com/users/login?ssrc=head&returnurl=https%3a%2f%2fstackoverflow.com%2fquestions%2f218384%2fwhat-is-a-nullpointerexception-and-how-do-i-fix-it
2017-09-28,13:42:30,554, 380 ,https://stackoverflow.com/users/login?ssrc=head&returnurl=https%3a%2f%2fstackoverflow.com%2fquestions%2f218384%2fwhat-is-a-nullpointerexception-and-how-do-i-fix-it
2017-09-28,13:42:30,554, 380 ,https://stackoverflow.com/users/login?ssrc=head&returnurl=https%3a%2f%2fstackoverflow.com%2fquestions%2f218384%2fwhat-is-a-nullpointerexception-and-how-do-i-fix-it
2017-09-28,13:42:30,554, 380 ,https://stackoverflow.com/users/login?ssrc=head&returnurl=https%3a%2f%2fstackoverflow.com%2fquestions%2f218384%2fwhat-is-a-nullpointerexception-and-how-do-i-fix-it
2017-09-28,13:42:30,550, 380 ,https://stackoverflow.com/users/login?ssrc=head&returnurl=https%3a%2f%2fstackoverflow.com%2fquestions%2f218384%2fwhat-is-a-nullpointerexception-and-how-do-i-fix-it
2017-09-28,13:42:30,550, 380 ,https://stackoverflow.com/users/login?ssrc=head&returnurl=https%3a%2f%2fstackoverflow.com%2fquestions%2f218384%2fwhat-is-a-nullpointerexception-and-how-do-i-fix-it
2017-09-28,13:42:31,546, 380 ,https://stackoverflow.com/users/login?ssrc=head&returnurl=https%3a%2f%2fstackoverflow.com%2fquestions%2f218384%2fwhat-is-a-nullpointerexception-and-how-do-i-fix-it
2017-09-28,13:42:31,546, 380 ,https://stackoverflow.com/users/login?ssrc=head&returnurl=https%3a%2f%2fstackoverflow.com%2fquestions%2f218384%2fwhat-is-a-nullpointerexception-and-how-do-i-fix-it
2017-09-28,13:42:31,546, 380 ,https://stackoverflow.com/users/login?ssrc=head&returnurl=https%3a%2f%2fstackoverflow.com%2fquestions%2f218384%2fwhat-is-a-nullpointerexception-and-how-do-i-fix-it
2017-09-28,13:42:31,544, 380 ,https://stackoverflow.com/users/login?ssrc=head&returnurl=https%3a%2f%2fstackoverflow.com%2fquestions%2f218384%2fwhat-is-a-nullpointerexception-and-how-do-i-fix-it
2017-09-28,13:42:31,544, 380 ,https://stackoverflow.com/users/login?ssrc=head&returnurl=https%3a%2f%2fstackoverflow.com%2fquestions%2f218384%2fwhat-is-a-nullpointerexception-and-how-do-i-fix-it
2017-09-28,13:42:31,544, 380 ,https://stackoverflow.com/users/login?ssrc=head&returnurl=https%3a%2f%2fstackoverflow.com%2fquestions%2f218384%2fwhat-is-a-nullpointerexception-and-how-do-i-fix-it
2017-09-28,13:42:31,542, 380 ,https://stackoverflow.com/users/login?ssrc=head&returnurl=https%3a%2f%2fstackoverflow.com%2fquestions%2f218384%2fwhat-is-a-nullpointerexception-and-how-do-i-fix-it
2017-09-28,13:42:31,542, 380 ,https://stackoverflow.com/users/login?ssrc=head&returnurl=https%3a%2f%2fstackoverflow.com%2fquestions%2f218384%2fwhat-is-a-nullpointerexception-and-how-do-i-fix-it
2017-09-28,13:42:31,542, 380 ,https://stackoverflow.com/users/login?ssrc=head&returnurl=https%3a%2f%2fstackoverflow.com%2fquestions%2f218384%2fwhat-is-a-nullpointerexception-and-how-do-i-fix-it
2017-09-28,13:42:31,540, 382 ,https://stackoverflow.com/users/login?ssrc=head&returnurl=https%3a%2f%2fstackoverflow.com%2fquestions%2f218384%2fwhat-is-a-nullpointerexception-and-how-do-i-fix-it
2017-09-28,13:42:31,540, 382 ,https://stackoverflow.com/users/login?ssrc=head&returnurl=https%3a%2f%2fstackoverflow.com%2fquestions%2f218384%2fwhat-is-a-nullpointerexception-and-how-do-i-fix-it
2017-09-28,13:42:31,492, 986 ,https://stackoverflow.com/users/oauth/google?code=4/Zq0i7hpvQW6JgmNSNnit7uCIxXFfdK4I9rzeL7CQl38&state=%7b%22sid%22%3a1%2c%22st%22%3a%224f9b8f995ca530ac501a3e60de11f1c1572851439a02a00615b246235dd76a98%22%2c%22ses%22%3a%22c192e1c131b744fe85cbcb3495f1d8a8%22%7d&s=c192e1c131b744fe85cbcb3495f1d8a8#
2017-09-28,13:42:31,540, 382 ,https://stackoverflow.com/users/login?ssrc=head&returnurl=https%3a%2f%2fstackoverflow.com%2fquestions%2f218384%2fwhat-is-a-nullpointerexception-and-how-do-i-fix-it
2017-09-28,13:42:31,540, 382 ,https://stackoverflow.com/users/login?ssrc=head&returnurl=https%3a%2f%2fstackoverflow.com%2fquestions%2f218384%2fwhat-is-a-nullpointerexception-and-how-do-i-fix-it
2017-09-28,13:42:31,540, 382 ,https://stackoverflow.com/users/login?ssrc=head&returnurl=https%3a%2f%2fstackoverflow.com%2fquestions%2f218384%2fwhat-is-a-nullpointerexception-and-how-do-i-fix-it
2017-09-28,13:42:31,540, 382 ,https://stackoverflow.com/users/login?ssrc=head&returnurl=https%3a%2f%2fstackoverflow.com%2fquestions%2f218384%2fwhat-is-a-nullpointerexception-and-how-do-i-fix-it
2017-09-28,13:42:31,540, 384 ,https://stackoverflow.com/users/login?ssrc=head&returnurl=https%3a%2f%2fstackoverflow.com%2fquestions%2f218384%2fwhat-is-a-nullpointerexception-and-how-do-i-fix-it
2017-09-28,13:42:31,540, 384 ,https://stackoverflow.com/users/login?ssrc=head&returnurl=https%3a%2f%2fstackoverflow.com%2fquestions%2f218384%2fwhat-is-a-nullpointerexception-and-how-do-i-fix-it
2017-09-28,13:42:32,540, 384 ,https://stackoverflow.com/users/login?ssrc=head&returnurl=https%3a%2f%2fstackoverflow.com%2fquestions%2f218384%2fwhat-is-a-nullpointerexception-and-how-do-i-fix-it
2017-09-28,13:42:32,540, 386 ,https://stackoverflow.com/users/login?ssrc=head&returnurl=https%3a%2f%2fstackoverflow.com%2fquestions%2f218384%2fwhat-is-a-nullpointerexception-and-how-do-i-fix-it
2017-09-28,13:42:32,540, 386 ,https://stackoverflow.com/users/login?ssrc=head&returnurl=https%3a%2f%2fstackoverflow.com%2fquestions%2f218384%2fwhat-is-a-nullpointerexception-and-how-do-i-fix-it
2017-09-28,13:42:32,540, 386 ,https://stackoverflow.com/users/login?ssrc=head&returnurl=https%3a%2f%2fstackoverflow.com%2fquestions%2f218384%2fwhat-is-a-nullpointerexception-and-how-do-i-fix-it
2017-09-28,13:42:32,492, 984 ,https://stackoverflow.com/users/oauth/google?code=4/Zq0i7hpvQW6JgmNSNnit7uCIxXFfdK4I9rzeL7CQl38&state=%7b%22sid%22%3a1%2c%22st%22%3a%224f9b8f995ca530ac501a3e60de11f1c1572851439a02a00615b246235dd76a98%22%2c%22ses%22%3a%22c192e1c131b744fe85cbcb3495f1d8a8%22%7d&s=c192e1c131b744fe85cbcb3495f1d8a8#
2017-09-28,13:42:32,540, 386 ,https://stackoverflow.com/users/login?ssrc=head&returnurl=https%3a%2f%2fstackoverflow.com%2fquestions%2f218384%2fwhat-is-a-nullpointerexception-and-how-do-i-fix-it
2017-09-28,13:42:32,540, 386 ,https://stackoverflow.com/users/login?ssrc=head&returnurl=https%3a%2f%2fstackoverflow.com%2fquestions%2f218384%2fwhat-is-a-nullpointerexception-and-how-do-i-fix-it
2017-09-28,13:42:32,540, 386 ,https://stackoverflow.com/users/login?ssrc=head&returnurl=https%3a%2f%2fstackoverflow.com%2fquestions%2f218384%2fwhat-is-a-nullpointerexception-and-how-do-i-fix-it
2017-09-28,13:42:32,540, 386 ,https://stackoverflow.com/users/login?ssrc=head&returnurl=https%3a%2f%2fstackoverflow.com%2fquestions%2f218384%2fwhat-is-a-nullpointerexception-and-how-do-i-fix-it
2017-09-28,13:42:32,540, 388 ,https://stackoverflow.com/users/login?ssrc=head&returnurl=https%3a%2f%2fstackoverflow.com%2fquestions%2f218384%2fwhat-is-a-nullpointerexception-and-how-do-i-fix-it
2017-09-28,13:42:32,540, 388 ,https://stackoverflow.com/users/login?ssrc=head&returnurl=https%3a%2f%2fstackoverflow.com%2fquestions%2f218384%2fwhat-is-a-nullpointerexception-and-how-do-i-fix-it
2017-09-28,13:42:32,540, 388 ,https://stackoverflow.com/users/login?ssrc=head&returnurl=https%3a%2f%2fstackoverflow.com%2fquestions%2f218384%2fwhat-is-a-nullpointerexception-and-how-do-i-fix-it
2017-09-28,13:42:32,540, 388 ,https://stackoverflow.com/users/login?ssrc=head&returnurl=https%3a%2f%2fstackoverflow.com%2fquestions%2f218384%2fwhat-is-a-nullpointerexception-and-how-do-i-fix-it
2017-09-28,13:42:32,494, 972 ,https://stackoverflow.com/users/oauth/google?code=4/Zq0i7hpvQW6JgmNSNnit7uCIxXFfdK4I9rzeL7CQl38&state=%7b%22sid%22%3a1%2c%22st%22%3a%224f9b8f995ca530ac501a3e60de11f1c1572851439a02a00615b246235dd76a98%22%2c%22ses%22%3a%22c192e1c131b744fe85cbcb3495f1d8a8%22%7d&s=c192e1c131b744fe85cbcb3495f1d8a8#
2017-09-28,13:42:32,540, 388 ,https://stackoverflow.com/users/login?ssrc=head&returnurl=https%3a%2f%2fstackoverflow.com%2fquestions%2f218384%2fwhat-is-a-nullpointerexception-and-how-do-i-fix-it
2017-09-28,13:42:32,540, 388 ,https://stackoverflow.com/users/login?ssrc=head&returnurl=https%3a%2f%2fstackoverflow.com%2fquestions%2f218384%2fwhat-is-a-nullpointerexception-and-how-do-i-fix-it
2017-09-28,13:42:32,540, 388 ,https://stackoverflow.com/users/login?ssrc=head&returnurl=https%3a%2f%2fstackoverflow.com%2fquestions%2f218384%2fwhat-is-a-nullpointerexception-and-how-do-i-fix-it
2017-09-28,13:42:32,540, 390 ,https://stackoverflow.com/users/login?ssrc=head&returnurl=https%3a%2f%2fstackoverflow.com%2fquestions%2f218384%2fwhat-is-a-nullpointerexception-and-how-do-i-fix-it
